<assembly xmlns="http://maven.apache.org/plugins/maven-assembly-plugin/assembly/1.1.0" 
  xmlns:xsi="http://www.w3.org/2001/XMLSchema-instance"
  xsi:schemaLocation="http://maven.apache.org/plugins/maven-assembly-plugin/assembly/1.1.0 http://maven.apache.org/xsd/assembly-1.1.0.xsd">
  <id>bin</id>
  <formats>
    <format>jar</format>
  </formats>
  <includeBaseDirectory>false</includeBaseDirectory>
  <dependencySets>
    <dependencySet>
      <includes>
        <include>test:child1</include>
      </includes>
      <useTransitiveDependencies>false</useTransitiveDependencies>
      <unpack>true</unpack>
      <outputDirectory>/classes1</outputDirectory>
      <unpackOptions>
        <includes>
          <include>**/App.class</include>
        </includes>
      </unpackOptions>
    </dependencySet>
    <dependencySet>
      <includes>
        <include>test:child1</include>
      </includes>
      <useTransitiveDependencies>false</useTransitiveDependencies>
      <unpack>true</unpack>
      <outputDirectory>/classes2</outputDirectory>
      <unpackOptions>
        <includes>
          <include>**/App2.class</include>
        </includes>
      </unpackOptions>
    </dependencySet>
  </dependencySets>
</assembly>
