
<assembly xmlns="http://maven.apache.org/plugins/maven-assembly-plugin/assembly/1.1.0" 
  xmlns:xsi="http://www.w3.org/2001/XMLSchema-instance"
  xsi:schemaLocation="http://maven.apache.org/plugins/maven-assembly-plugin/assembly/1.1.0 http://maven.apache.org/xsd/assembly-1.1.0.xsd">
  <id>bindir</id>
  <includeBaseDirectory>false</includeBaseDirectory>
  <formats>
    <format>dir</format>
  </formats>
  <dependencySets>
    <dependencySet>
      <includes>
        <include>commons-logging:commons-logging</include>
      </includes>
      <outputFileNameMapping>${artifact.artifactId}.${artifact.extension}</outputFileNameMapping>
    </dependencySet>
  </dependencySets>
</assembly>
