<assembly xmlns="http://maven.apache.org/plugins/maven-assembly-plugin/assembly/1.1.0" 
  xmlns:xsi="http://www.w3.org/2001/XMLSchema-instance"
  xsi:schemaLocation="http://maven.apache.org/plugins/maven-assembly-plugin/assembly/1.1.0 http://maven.apache.org/xsd/assembly-1.1.0.xsd">
  <id>bin</id>
  <formats>
    <format>jar</format>
  </formats>
  <includeBaseDirectory>false</includeBaseDirectory>
  <containerDescriptorHandlers>
    <containerDescriptorHandler>
      <handlerName>metaInf-spring</handlerName>
    </containerDescriptorHandler>
  </containerDescriptorHandlers>
  <dependencySets>
    <dependencySet>
      <unpack>true</unpack>
      <outputDirectory>.</outputDirectory>
      <scope>test</scope>
      <excludes>
        <exclude>junit:junit</exclude>
      </excludes>
    </dependencySet>
  </dependencySets>
</assembly>